{
    "data": [
      {
        "id": 1,
        "image": "https://t-images.imgix.net/https%3A%2F%2Fstatic.t-cdn.net%2F5e416a36e854046955b5cade%2Fgroups%2F5e44061972c7f56d822e8d28%2F5e44061972c7f56d822e8d28_16263.png?width=374&w=374&auto=format%2Ccompress&ixlib=js-2.3.1&s=0ed128bb94d5a75aa1f471140fb15e3e",
        "title": "ReactJS Developers",
        "count":"38 Members"
      },
      {
        "id": 2,
        "image": "https://t-images.imgix.net/https%3A%2F%2Fstatic.t-cdn.net%2F5e416a36e854046955b5cade%2Fgroups%2F5e4403dc66e07b5f7fde04c7%2F5e4403dc66e07b5f7fde04c7_91524.png?width=374&w=374&auto=format%2Ccompress&ixlib=js-2.3.1&s=c77d9a5300603bdf0c1f6ef30b30d5a8",
        "title": "Angular Developer",
        "count":"33 Members"
      },
      {
        "id": 3,
        "image": "https://t-images.imgix.net/https%3A%2F%2Fstatic.t-cdn.net%2F5e416a36e854046955b5cade%2Fgroups%2F5e43977544553002ba6c3b33%2F5e43977544553002ba6c3b33_50474.png?width=374&w=374&auto=format%2Ccompress&ixlib=js-2.3.1&s=64a4b118cb2b06b48a4f2a6cbe2ae3c7",
        "title": "NodeJS Developers",
        "count":"28 members"
      },
      {
        "id": 4,
        "image": "https://t-images.imgix.net/https%3A%2F%2Fstatic.t-cdn.net%2F5e416a36e854046955b5cade%2Fgroups%2F5e43ec144ff0540b6d768a55%2F5e43ec144ff0540b6d768a55_70599.png?width=374&w=374&auto=format%2Ccompress&ixlib=js-2.3.1&s=ca4727618f013b87a087c27896575ab2",
        "title": "JAVA Developers",
        "count":"22 members"
      },
      {
        "id": 5,
        "image": "https://t-images.imgix.net/https%3A%2F%2Fstatic.t-cdn.net%2F5e416a36e854046955b5cade%2Fgroups%2F5e43ec09a8ca8b13c9f63cd7%2F5e43ec09a8ca8b13c9f63cd7_57454.png?width=374&w=374&auto=format%2Ccompress&ixlib=js-2.3.1&s=c3c7e2c6e391c9524a90b0bbc1b6f5b0",
        "title": "Dotnet Developers",
        "count":"21 members"
      },
      {
        "id": 6,
        "image": "https://t-images.imgix.net/https%3A%2F%2Fstatic.t-cdn.net%2F5e416a36e854046955b5cade%2Fgroups%2F5e4405107cf6915c18726c00%2F5e4405107cf6915c18726c00_947.png?width=374&w=374&auto=format%2Ccompress&ixlib=js-2.3.1&s=2ae652d2e54ad306c421650b2adfcf36",
        "title": "Android Developers",
        "count":"21 members"
      },

      {
        "id": 7,
        "image": "https://t-images.imgix.net/https%3A%2F%2Fstatic.t-cdn.net%2F5e416a36e854046955b5cade%2Fgroups%2F5e440399ffe26b5ebf067ea8%2F5e440399ffe26b5ebf067ea8_72440.png?width=374&w=374&auto=format%2Ccompress&ixlib=js-2.3.1&s=cc7a14e165a1846860532a8fa8728df8",
        "title": "Php Developer",
        "count":"18 members"
      },

      {
        "id": 8,
        "image": "https://t-assets.net/assets/617f59429491faddfe6c644b195bd543.png",
        "title": "Python developers",
        "count":"14 members"
      }



    ]
  }